{"Exportation de données personnelles pour hirabis568@gmail.com":{"about":{"group_label":"\u00c0 propos","group_description":"Vue globale du rapport sur les exportations.","items":{"about-1":[{"name":"Rapport g\u00e9n\u00e9r\u00e9 pour","value":"hirabis568@gmail.com"},{"name":"Pour le site","value":"U-Report Ngaliema"},{"name":"\u00c0 l\u2019URL","value":"http:\/\/henri.test"},{"name":"Le","value":"2024-06-17 12:06:02"}]}},"user":{"group_label":"Compte","group_description":"Donn\u00e9es de profil du compte.","items":{"user-1":[{"name":"ID du compte","value":"1"},{"name":"Nom de connexion du compte","value":"admin-henri"},{"name":"Nom du compte format\u00e9 sous forme de slug","value":"admin-henri"},{"name":"E-mail du compte","value":"hirabis568@gmail.com"},{"name":"URL du compte","value":"http:\/\/henri.test"},{"name":"Date d\u2019inscription du compte","value":"2023-10-12 18:57:26"},{"name":"Nom affich\u00e9 du compte","value":"admin-henri"},{"name":"Pseudonyme du compte","value":"admin-henri"}]}},"community-events-location":{"group_label":"Localisation des \u00e9v\u00e9nements communautaires","group_description":"Donn\u00e9es de localisation du compte utilis\u00e9es pour les \u00e9v\u00e8nements de la communaut\u00e9 affich\u00e9es dans les widgets \u00e9v\u00e8nements WordPress et actualit\u00e9s du tableau de bord.","items":{"community-events-location-1":[{"name":"IP","value":"127.0.0.0"}]}},"session-tokens":{"group_label":"Jetons de session","group_description":"Donn\u00e9es des jetons de session du compte.","items":{"session-tokens-1-9a0e7d3f9bef2a8eaded0f6cded44f64ef74a63892b659e2fa9dd20c047ae309":[{"name":"Expiration","value":"juin 19, 2024 09:15  "},{"name":"IP","value":"127.0.0.1"},{"name":"Agent utilisateur","value":"Mozilla\/5.0 (Windows NT 10.0; Win64; x64) AppleWebKit\/537.36 (KHTML, like Gecko) Chrome\/126.0.0.0 Safari\/537.36 Edg\/126.0.0.0"},{"name":"Derni\u00e8re connexion","value":"juin 17, 2024 09:15  "}],"session-tokens-1-809168bccbd80778ddfc1113fbdb2e281ea36283dccdc8ff4230f92174f497d8":[{"name":"Expiration","value":"juin 19, 2024 10:04  "},{"name":"IP","value":"127.0.0.1"},{"name":"Agent utilisateur","value":"Mozilla\/5.0 (Windows NT 10.0; Win64; x64) AppleWebKit\/537.36 (KHTML, like Gecko) Chrome\/126.0.0.0 Safari\/537.36 Edg\/126.0.0.0"},{"name":"Derni\u00e8re connexion","value":"juin 17, 2024 10:04  "}]}},"media":{"group_label":"M\u00e9dias","group_description":"Donn\u00e9es m\u00e9dia du compte.","items":{"post-10":[{"name":"URL","value":"http:\/\/henri.test\/wp-content\/uploads\/2023\/10\/Creer_un_systeme_de_connexion_et_dinscription___PHP720p.mp4"}],"post-50":[{"name":"URL","value":"http:\/\/henri.test\/wp-content\/uploads\/2023\/10\/DSC0262-1-scaled.jpg"}]}}}}